<assembly>
    <id>distribution</id>
    <formats>
        <format>zip</format>
    </formats>
    <fileSets>
        <fileSet>
            <fileMode>0775</fileMode>
            <directory>src/main/bin</directory>
            <outputDirectory>bin</outputDirectory>
            <includes>
                <include>*.sh</include>
                <include>*.bat</include>
            </includes>
        </fileSet>
        <fileSet>
            <includes>
                <include>bin/*.properties</include>
            </includes>
        </fileSet>
        <fileSet>
            <directory>src</directory>
        </fileSet>
        <fileSet>
            <directory>doc</directory>
        </fileSet>
        <fileSet>
            <directory>data</directory>
        </fileSet>
        <fileSet>
            <directory>target/apidocs</directory>
            <outputDirectory>doc/javadoc</outputDirectory>
        </fileSet>
        <fileSet>
            <directory>target/${project.artifactId}-${project.version}-standalone/lib</directory>
            <outputDirectory>lib</outputDirectory>
        </fileSet>
    </fileSets>
    <files>
        <file>
            <source>target/${project.artifactId}-${project.version}-job.jar</source>
            <outputDirectory>lib</outputDirectory>
        </file>
        <file>
            <source>pom.xml</source>
            <outputDirectory>src</outputDirectory>
        </file>
        <file>
            <source>LICENSE.txt</source>
            <outputDirectory>/</outputDirectory>
        </file>
        <file>
            <source>CHANGELOG.textile</source>
            <outputDirectory>/</outputDirectory>
        </file>
        <file>
            <source>NOTICE.txt</source>
            <outputDirectory>/</outputDirectory>
        </file>
        <file>
            <source>README.textile</source>
            <outputDirectory>/</outputDirectory>
        </file>
        <!--<file>
            <source>src/main/bin/README.txt</source>
            <outputDirectory>/</outputDirectory>
        </file>-->
    </files>
</assembly>