<assembly>
    <id>distribution</id>
    <formats>
        <format>zip</format>
    </formats>
    <fileSets>
        <fileSet>
            <fileMode>0775</fileMode>
            <!--<directory>target/${project.artifactId}-${project.version}-standalone/bin</directory>-->
            <directory>src/main/bin</directory>
            <outputDirectory>bin</outputDirectory>
            <includes>
                <include>*.sh</include>
                <include>*.bat</include>
            </includes>
        </fileSet>
        <fileSet>
            <includes>
                <include>../bin/cassandra.local</include>
                <include>../bin/hbase.local</include>
            </includes>
        </fileSet>
        <fileSet>
            <directory>src</directory>
        </fileSet>
        <fileSet>
            <directory>../doc</directory>
        </fileSet>
        <fileSet>
            <directory>../config</directory>
        </fileSet>
        <fileSet>
            <directory>../target/site/apidocs</directory>
            <outputDirectory>doc/javadoc</outputDirectory>
        </fileSet>
        <fileSet>
            <directory>target/${project.artifactId}-${project.version}-standalone/lib</directory>
            <outputDirectory>lib</outputDirectory>
        </fileSet>
    </fileSets>
    <files>
        <file>
            <source>pom.xml</source>
            <outputDirectory>src</outputDirectory>
        </file>
         <file>
             <source>../LICENSE.txt</source>
             <outputDirectory>/</outputDirectory>
         </file>
         <file>
             <source>../CHANGELOG.textile</source>
             <outputDirectory>/</outputDirectory>
         </file>
         <file>
             <source>../UPGRADE.textile</source>
             <outputDirectory>/</outputDirectory>
         </file>
         <file>
             <source>../NOTICE.txt</source>
             <outputDirectory>/</outputDirectory>
         </file>
         <file>
             <source>src/main/bin/README.txt</source>
             <outputDirectory>/</outputDirectory>
         </file>
        <file>
            <source>../bin/cassandra.local</source>
            <outputDirectory>bin</outputDirectory>
        </file>
        <file>
            <source>../bin/hbase.local</source>
            <outputDirectory>bin</outputDirectory>
        </file>
    </files>
</assembly>
